Time [s],Main Spindle Power [W],Hydraulic Cooling Unit [W],Electrical Cabinet Cooler Left [W],Electrical Cabinet Cooler Right [W],Mist Extractor [W],Auxiliary System (BFA) [W],Handling Robot [W]
0.0,4191.182821821792,2427.314032798723,546.4116400189247,527.9874198599891,0.9535995936904293,0.06517743950460363,-0.5236096069928678
0.1,4177.439152983662,2423.616123629862,546.6131937794808,527.7333179932971,-0.7520988579128393,-0.942326779748389,-0.07621079624261756
0.2,4153.375427772213,2421.9341061100745,546.5993853045953,529.0064186325862,0.21965841011424478,0.017274675878027737,-0.6903172211530164
0.3,4194.504823181218,2419.5707871029795,547.3622784068325,527.9420260058607,0.6134700379702878,0.19223328930868253,-0.09269679741248674
0.4,4196.906705260006,2419.2579850019056,546.1063523661829,528.565114677517,0.043551937455887695,0.020630339756813623,0.24647148233905902
0.5,4195.841372101274,2418.620707188038,547.213676679859,527.3547698207585,0.20462989279069319,-0.002266823526487026,0.6863848180624709
0.6,4176.204646721766,2415.638930091468,547.9020928510776,527.3136324208672,-0.6614971673409054,0.3672903735691291,-0.3031725576610715
0.7,4175.935356000652,2417.8324632851136,547.0219729877199,529.0809389379034,-0.5728013007141242,-0.10755407794282784,-0.029555481045663922
0.8,4169.020463173748,2416.1827076082236,547.5280586019476,529.7658438473042,0.21656553676774118,0.532723062675404,-0.15549858645482542
0.9,4170.719459608666,2417.9384926198927,547.3235852545229,529.1419860674281,0.9252143555173121,-0.03499995717036586,-0.49989935509148853
1.0,4148.846011456578,2419.0507828437444,547.2938203176078,528.791405785292,0.79980289651796,-0.2945827714827373,-0.17010747212446437
1.1,4153.104449794699,2420.1320330972844,548.1635958663948,527.3614889734671,-0.8562568482101902,-0.08740351694070854,0.04109615541340794
1.2,4152.639786548721,2420.845599951597,548.6831595411378,527.7856893512851,-0.16896953398721754,-0.1262276236829677,0.7542397797512009
1.3,4154.07195507014,2423.213546259494,547.5193195157755,528.5592804041366,0.06111011253083947,-0.44272047678170684,-0.06694196666046504
1.4,4161.233224142872,2425.7677075623646,546.8105156525644,527.8134040735503,0.0006806035062192164,-0.501557094212694,-0.18455032208184882
1.5,4163.904187030819,2428.759396963528,546.9330436695152,528.0370205378164,0.6318061965166163,0.17622490244513242,0.43334364194931335
1.6,4164.702086923552,2429.9492629073075,548.6085555519654,527.6283401589625,0.5634127967783258,0.13564456544208925,-0.1688932490349628
1.7,4164.173143523071,2429.62802114231,547.0772465086527,526.3249370762738,-0.5747581792415133,-0.5550993425983719,0.026146358405103345
1.8,4161.269079908329,2434.0544098722644,547.4814933240866,527.0755755598994,0.5209335072658454,0.4396807761393406,0.5880308650430043
1.9,4158.2678610493485,2433.6864805253417,546.8895298622263,525.7016099528479,0.009381283039197,0.41803485151956665,-0.2491224822674532
2.0,4158.1973598829145,2440.4921079367336,549.03508163737,526.1706380495186,-0.05403306940336325,0.2908001675751801,-0.48773608994464884
2.1,4156.765845125603,2438.433176071625,546.6768329488291,525.4722737425063,-0.053590647250226435,0.00797912509914209,-0.01912433560342658
2.2,4161.196285087909,2436.011360113913,547.6418977206719,525.4590263538781,-0.3910321525791642,1.0341321320147814,0.08407367182418536
2.3,4175.574110336171,2435.7057017865536,546.4653805685717,525.1231612571775,-0.09740956028761147,0.38408776836759073,0.5031450116803468
2.4,4173.786996042435,2433.8660377854317,545.8353089357328,525.041127191376,0.3659088234187059,-0.6096817013652849,-0.4524220683542813
2.5,4172.774344457621,2433.1522524643474,544.9137089177892,525.7195086397637,0.9481047716890684,-0.19722181498865488,-0.7618438556884376
5.2,4174.091145182281,2425.604303049115,543.8272715472821,525.039095462901,-0.4364007737395707,0.8751077514088287,-0.17428533692611203
5.4,4176.043853614567,2425.212875141427,543.6431047798657,525.1272998112208,-0.2911983337248286,-0.4941206642979737,-0.12388287190133031
5.6,4176.362611610765,2415.532598782936,541.7079592521859,525.1422531261178,0.7320546661921051,0.3373854262437658,0.5830810603309928
5.8,4194.476867146645,2415.270128616214,542.4307912437404,525.1892786835141,-0.08890300269902071,-0.37664990893503303,-0.45424793200881247
6.0,4195.555739224607,2411.2162749589384,541.5102464705178,524.821791153953,0.40311254549795195,0.6414258365056147,-0.10319151187603648
6.2,4193.17743993713,2410.449207770985,540.5550415210104,525.7695585736867,-0.03211171258952273,0.2680714167720257,0.0469756255417642
6.4,4174.284457989246,2410.353847040441,539.8432396844048,525.251571746355,-0.1288806663643301,-0.010940566109254868,0.6568324275682812
6.6,4171.509450828456,2408.192955858206,539.8694705533796,524.5803171452009,-0.3519901435790172,0.11243539965467536,-0.13090326810812256
6.8,4169.9735986445,2413.2379696417765,538.5037300794061,526.3502871845103,-0.5822621687953903,-0.07332174313160907,0.12086953375731306
7.0,4171.573480001183,2414.268792831236,538.6776153789802,526.3619713872687,0.5802867598558967,-0.22221665791484077,0.11462120801193831
7.2,4171.62580954605,2419.216903947515,538.2313748911257,525.4704496898656,-0.41738767657453274,-0.2387654572462511,-0.25410414121065494
7.4,4151.9966558619035,2427.4981673153425,536.9379778703809,524.0069582925107,1.0387878165732578,-0.46823802480833476,-0.46678952824337316
7.6,4152.184587134571,2428.6769510309227,535.3788167741757,525.3520057438278,0.2383594733782335,-0.11830645113926591,-0.3145396347138067
7.8,4149.507721351093,2437.1095750376294,534.7779173983841,524.6327238207573,-0.06744201622413756,0.20394226693598555,0.5857798960022088
8.0,4144.355613989728,2442.105235333908,535.2217591189672,524.4671640322058,0.06691285326250676,-0.5679143475664646,-0.15041774294851937
8.2,4144.523673027531,2444.958614207193,533.0305153639013,524.7552911688874,-0.38077258427207034,0.5442927555739521,0.237619805739842
8.4,4147.083654867731,2447.047102124068,533.3749760476157,524.6189254558957,-0.012816511507427802,0.11513279197862383,0.6787280755442359
8.6,4145.197950323776,2450.2049538250562,532.3999837066646,524.2969244112587,0.10737715806536391,-0.3382473262591267,-0.6464930165553175
8.8,4142.637911106796,2449.078487642158,531.457944210238,524.7089739625084,-0.5053529278572888,-0.6796975894451749,-0.2772069934569101
9.0,4140.601097937537,2448.098828005059,530.8278237923907,523.4494911567695,0.31674829370594787,-0.11554887649875867,-0.091807100284631
9.2,4141.284828548494,2445.3707809196267,529.8759828690202,525.2070217421493,-0.5155613767954161,0.35455050056278553,0.6494293771195369
9.4,4140.053542017162,2446.0574504658957,530.1923771613519,524.8733679486548,0.10727995932598558,-0.1252584980771702,0.23826142235472902
9.6,4139.925103222965,2442.0042250724387,528.5683623623013,524.2558112574774,-0.9164929132863634,0.36747585807031613,-0.42822428956681485
9.8,4143.725929059006,2437.1948633491756,527.8995467585397,523.127162560405,0.1244403806433727,-0.07260856251139389,0.5738011459428933
10.0,4143.006725842876,2435.9736983468115,528.3356458132465,524.0533159328372,0.0074672070368117195,-0.5235157568786252,0.6317708258791723
10.2,4141.144155664107,2433.8569313747494,528.1512300354208,524.8315101056188,0.38234131118271153,0.23228428134416518,-0.3085362463274907
10.4,4142.29252933831,2431.1723879776396,527.0533064055194,523.543097678281,0.34568805432166233,0.00798381224923472,0.36109574958290774
10.6,4141.9379011984765,2430.1026057183285,526.3429194455916,522.85467248855,-0.13382466947344274,-0.17069010984682895,-0.5293301690749669
10.8,4139.908293727177,2427.902870949651,525.7849026703436,524.1676533415399,0.28624967519569394,-0.14882692144763254,-0.3312106045311165
11.0,4136.861504783491,2425.728607681297,527.1098137939338,524.4696681624908,-0.20364445188096714,0.1399334423491656,0.9138542847259142
11.2,4139.316634902252,2428.518212541274,526.6152111011779,523.2859502489953,0.10111647641926608,-0.29438943114370086,0.6672684289963424
11.4,4143.332856400208,2428.19483528137,526.7743037626213,523.5701135122075,-0.04124984239138274,-0.7242338470495454,-0.3905198691380043
11.6,4141.273144875857,2428.5795581687626,527.5288666187765,524.3730392054547,0.1941729969951711,-0.3121843061607848,0.46654375223790817
11.8,4141.02658080903,2427.179140975995,526.0282608046598,522.8887858841698,0.7985352909764863,0.5268413139653565,-0.06725610668913237
12.0,4139.87281330881,2427.66808154058,526.2287340857778,522.0921262562291,0.5162300483079055,0.022684762611680606,-0.4550960524806309
12.2,4139.697099174139,2430.0248373696268,525.9269053571105,524.3993265220744,-0.31128547998004663,-0.03533651400425656,0.7497405638399843
12.4,4135.748996091061,2430.8034345568426,526.8957021678003,524.1210239176288,-0.17077597731031197,-0.3210420994170215,0.2653017591035379
12.6,4136.35699471851,2430.8873816520972,527.9585699755548,523.4036109650481,-0.2091529115904961,0.02495799175389721,-0.24264421261636493
12.8,4137.9889859351915,2436.0135749384617,527.4926754969875,523.8375825227778,-0.19195711079388475,0.30829057893915224,-0.0013218439001531858
13.0,4134.8781297259875,2436.4933502623157,526.9412128341695,522.3354897602055,0.4850256422558606,0.14627875487955946,0.20604666501283575
13.2,4134.997981015742,2439.430456342397,526.5016857908779,523.2035625496792,-0.4863329042469695,0.20411125355732682,0.15586585707493789
13.4,4134.140689492963,2440.4649404195957,525.5864554026055,523.381027864334,0.2793479561511038,-0.15610106546249433,-0.14222605255290657
13.6,4140.500455521355,2442.4570633101434,526.4741803163555,522.3477281329262,0.5154413636509426,1.1534212562036281,-0.5578869180496981
13.8,4139.749834222452,2446.854975453698,526.5918482988311,522.4370497075172,0.37484177756602655,0.6631071068298301,-0.39677924323490493
14.0,4142.890482192856,2447.0875888547416,526.9982427338952,520.7508128465802,0.2408946170260553,0.12622081414475236,-1.046940349076755
14.2,4146.52291014275,2449.5489482224884,525.1719957519657,521.0316085124632,0.23038641907527377,-0.7025681230499957,0.36547708581393723
14.4,4147.155945875823,2448.0651895858755,525.4808237259042,520.6801151418671,-0.12225885191045037,-0.4869457865304454,0.10094512809757117
14.6,4149.933002778218,2443.7719620872685,524.357352384817,521.1402545926311,0.7184742073773303,-0.21201022470017405,-0.5917043152270726
14.8,4149.990320362489,2439.058527026142,524.1970847421177,521.3251647027887,-0.21386556441362198,-0.4034999881057119,0.09520811750222774
15.0,4151.844242874766,2439.8046040911227,525.0615769751392,521.8601550127081,-0.2281796533562722,-0.5429024230059157,-0.073290201997393
15.2,4143.477533911391,2435.554390318203,523.6983149557993,521.6714737348352,-0.010196822340225141,0.7449056864908193,-0.07411857024077144
15.4,4144.89298020095,2431.1001668666304,523.4573131287818,520.8834077736705,0.5327080612386506,0.3135795427222191,-0.16953163427113152
15.6,4146.713014480947,2426.9909526990023,522.4198459841841,520.4280215533813,0.5512005920025106,1.2375374882784833,-0.17754361235365976
15.8,4147.14360084989,2422.4572548796114,523.1505439751597,520.9889439417326,-0.002284748485534041,-0.01221149918317437,-0.024282080382079903
16.0,4138.731261369331,2416.7760725377198,524.3279045239416,520.7217602842347,0.18068848701401513,0.032364988007286946,-0.594861842604413
16.2,4138.703286503544,2418.487679678978,523.4371897392274,520.9271124304308,0.2754083748991583,-0.3002627331866215,0.623999504091388
16.4,4133.400830663922,2420.196754938991,522.4342977834091,520.6947782297384,0.013445430632823146,-1.0149388126726817,-0.4670083673864173
16.6,4132.666188552657,2421.0293129092993,521.9815219735552,520.1687475734133,0.49553634219481874,-0.1374045683610985,-1.3652351121501354
16.8,4130.872118636804,2424.1146736130468,523.2426239359226,520.2412852560418,0.028825615364556283,-0.18241273968816846,-1.4549626329257
17.0,4133.37214350242,2430.577469453262,522.5179723062971,522.382229071517,0.172802704020044,0.47048056458189436,0.5441624961913293
17.2,4132.333390265099,2434.9510546015144,523.2286428768265,521.0281757899531,-0.07539899227777747,-0.32047107441582096,-0.30704749805322024
17.4,4128.471444558331,2439.0654432093834,522.4587665288853,522.4350583355042,-0.27814855791536874,-0.0886102069900947,0.03524770315903632
17.6,4129.246690059421,2446.9965740462294,522.2258559815775,521.3196550671313,-0.6020199504786431,0.5459451338347902,0.15874825228719347
17.8,4137.129291007202,2452.039125182388,521.4461286081682,521.2120043879189,-0.19724713938977476,1.1396047010309833,0.11016229318272747
18.0,4141.255206140288,2456.425806564678,523.2371231140639,522.2990809941425,-0.5258182133771027,-0.8267827798356621,0.713748937038537
18.2,4147.125355481287,2458.430278720762,522.5538680221607,522.0439150360398,0.4294873427335467,-1.5051425911881524,-0.22987611508758052
18.4,4147.9096981447365,2460.43562692704,522.5162167621897,522.1638619521997,-0.5577874961202973,-0.41053913042533885,0.7038882502538708
18.6,4149.832528703426,2460.185580641543,520.6017843614856,520.8335090418942,0.09880665586793436,-0.1424986803412656,0.7113161263611837
18.8,4151.823977859849,2457.2631330448903,522.9959939944276,521.3134980734569,-0.42977100155205145,0.08164094951437066,-0.11536867604036763
19.0,4153.491352282266,2457.472006403193,521.3015521433357,521.4704944292872,-0.8380298221429131,0.5709520717300153,0.03563021158465673
19.2,4153.826218795302,2454.401766168069,522.6116784667104,521.5531542715835,-0.4523402773147169,1.4727589245824997,-0.28943246975118103
19.4,4151.40013234604,2449.936344064368,521.8588870527104,522.2008863726203,0.37090604064447186,-0.38821704208721336,-0.510671752052057
19.6,4143.481989270278,2445.823764702754,521.2112874004597,521.2097253857539,0.49327510540077174,0.044103508520897845,-0.19564293910061967
19.8,4144.699886660026,2440.2057460537826,522.0581309835887,523.2146046215212,-1.2325956769281445,-0.420722004193674,0.6515213218816874
20.0,4146.483983757889,2437.6419132736323,521.2407770836928,522.1524045636298,-0.5629323777762012,0.12654981403797882,-0.6883451279796745
20.2,4143.029130234218,2435.1944306557098,521.5227171281542,521.7354785807564,0.9029798068645034,-0.8726164125656422,-1.7638455186040387
20.4,4138.770007083567,2431.7724489959783,520.9166716256899,521.2665875347271,0.4266298815050555,-0.6772326185288636,-0.6189947633542754
20.6,4135.269984328283,2432.18610056675,520.7045310950156,521.852438804712,0.3689696222959518,-0.058710566889657825,-0.13757866652990589
20.8,4131.439965255708,2429.1704841829946,521.2300291326507,522.6216105554166,0.013799877703977498,0.46179327958361505,-0.30654452567808427
21.0,4130.349392768889,2426.79726255708,521.6444125034216,522.528655928987,-0.18157164947498614,0.12020152860626254,0.26554776872860286
21.2,4128.2709492576805,2427.8514255694704,520.4699330840753,521.765923219048,-0.01612712030794524,0.34613663680408296,-1.2409761972982378
21.4,4128.183533561811,2425.323182358156,519.9434821178772,523.1812933937879,-0.006770280497867047,-1.0752051106754894,-0.2992760687244359
21.6,4123.292087920288,2426.9430621406304,519.9172311237973,523.3736117985679,0.9566451440701095,0.8665787766373338,0.4278131743599445
21.8,4121.165809889482,2428.365114205019,521.3974734654961,522.9800152762142,0.27490481747039697,0.22333958889234612,0.41621635742075597
22.0,4126.450937072286,2430.8491545271067,520.4040167596007,522.9025435417789,0.8807709913830558,-0.09968267431886743,-0.4884155298602794
22.2,4127.715410707449,2432.065469303807,522.2448695316106,524.0233012805625,-0.6942368518700732,-0.30805528578471264,0.3766573921197843
22.4,4133.128815419073,2431.2779499017156,520.943479921091,523.4619853809501,0.18565073268353277,0.7881010543182715,-0.11710390762157914
22.6,4138.172673227427,2435.1871475129687,520.0743206721788,525.8327611390359,-0.3810860792708575,0.4535258165807394,-0.5493643161521603
22.8,4142.797185702694,2435.4656514750604,521.3434961125735,523.7433888736623,0.29412549038289487,-0.30252229896272775,0.7267026469627009
23.0,4147.010100125754,2439.6028212621286,521.4688997585665,523.0936147554006,0.2383265572151252,-0.39901158664672465,0.3407892048125904
23.2,4150.0616056213485,2440.2768199080892,521.5448589955658,524.0769538603826,0.08688625684925769,-0.01373314215812047,-0.7366675157280163
23.4,4152.356290526978,2442.2878318652465,520.4911673247392,524.3605755833843,0.9037974631875964,1.1813033840056413,-0.7907117420092918
23.6,4154.5222047396255,2442.9515370455197,520.6660126329157,523.8234299226363,-0.37344114098666314,-0.2944538352852615,-0.7678534403704945
23.8,4149.692463412896,2443.3399124575844,521.0218149374184,524.2371084933393,-0.5582504932287916,-0.4920963970415343,0.3565800816029463
24.0,4150.654247829374,2446.0589579842763,520.3545240803796,525.1095570217401,0.29459254453135636,-0.070830544883195,0.7323702740297645
24.2,4151.179165078222,2447.7077805531535,521.474931466528,524.6642074583231,-0.35069010891649605,-0.10343345317873144,-0.475702239163251
24.4,4156.631767955403,2443.7999059222007,520.3265117766548,523.1837055835928,-0.552229138030353,0.45436201570960405,-0.4066107446678518
24.6,4150.965982410546,2443.805111983298,520.6898356591688,524.9216018145113,-0.39902862759170005,0.44752992841755707,-0.518127527822611
24.8,4149.95476006346,2440.1952279640886,520.2545658731235,524.8708481307208,0.16864837771683383,-0.07206393649903967,-0.4174983566452272
25.0,4147.337255556684,2436.981470817226,520.0021248321171,524.0870197415794,-0.11117143671351712,1.0915205392716054,-0.34625307857456694
25.2,4142.21717671052,2434.9552281470683,521.305962449778,524.0433449443717,-0.2102237737227149,0.12557862617199536,0.8429698305039026
25.4,4139.786649083096,2430.5671651682123,520.1910981408822,524.7955794256757,-1.2432708425378125,0.16014320946816965,0.4270364001978508
25.6,4139.210759816128,2429.5948216414167,521.1635056712374,524.71660720243,-0.022537856893254337,0.3194015418844315,-0.4366152816492126
25.8,4138.292027167771,2424.4118281050423,520.9984135158322,524.298888133317,0.19025995706118656,0.7921878824925394,0.07170507504966965
26.0,4135.085759864743,2421.0682985092008,521.4729007830309,525.3126618696898,0.5141708562804475,0.11075117400639845,-0.29557246102580637
26.2,4127.955941858029,2423.802524485069,520.5750462441019,525.2722454677295,-0.8011618791162766,0.02015445409577132,0.44579971978383925
26.4,4131.820171592128,2422.51578673897,521.5690312519165,524.6105101295017,-0.9096476930404948,0.6564248939940163,-0.8071814457614711
26.6,4135.234158276159,2425.365574271459,520.4047162698339,525.236280647235,-0.42575322415157374,0.556524599892792,0.29172544802652495
26.8,4139.263703164141,2430.2169016488233,521.6440719024158,525.7482004036058,-0.21965083104353367,0.0705759967779959,-1.3731533970209002
27.0,4146.19104166136,2433.417758882466,520.7355096239386,524.9359914602034,-0.21639052312194423,-0.07246439736426638,-0.7376865497956221
27.2,4149.690739277984,2439.5698160337292,521.5581611692081,524.4103313980831,0.5114256125119958,0.15225960189884438,0.1597762258699846
27.4,4155.990479469256,2442.5113474750683,520.2115634317527,525.0009719191703,-0.133353028813498,0.46665083033699567,0.5901380798220603
27.6,4159.534847903265,2449.7916499628614,521.029971606176,524.1143654200797,-0.7807166185972002,0.06114099597271484,0.6293986537874052
27.8,4161.343107581168,2455.4240968541344,520.2395828180294,525.4074503232163,-0.9197875773484084,0.07160259241534947,-0.18087021620205643
28.0,4162.511794739461,2456.4171361621297,520.9588819321816,525.4154559826474,-0.31524343698822027,0.06430390676731612,0.33474107430637334
28.2,4160.058823331103,2462.9150108512163,519.9832117037483,524.8647087519957,-0.5930813648872169,0.5778964103910783,-0.4319217903746427
28.4,4157.0584568993245,2460.613220748263,520.7170288420417,524.6568780300951,0.17797873972314973,-0.48115926443981916,0.6187941179214491
28.6,4160.60501170438,2461.129008949101,519.8179479820102,526.2978419231749,0.16713481241698347,0.3447802800013418,0.3224784324688529
28.8,4158.736950191794,2458.91027966011,520.0141070768071,525.1293826694598,0.44385778171722956,-0.6030286741866331,-0.10768171820141681
29.0,4155.021148080122,2457.413700864639,520.880833760142,524.6647642889448,0.6460717875221811,-0.9949081250724264,0.07916249119908635
29.2,4146.948451465195,2453.2663164445867,520.4078764722071,524.449598547564,0.6211951930239947,0.6522952386873543,-0.39287959091957253
29.4,4141.327333760897,2451.0991939866635,520.8596985092107,524.6382941081135,0.3821926879852337,-0.10240235356803984,-0.7167349446183762
29.6,4136.199437294882,2446.271563451336,520.3038829447505,524.3704162336124,-0.0814118450980229,0.06180882948809676,-0.07599367306647792
29.8,4135.014655200152,2439.8886756009374,519.7913799661117,525.2996787538186,-0.5579803439317705,0.28687694012971443,-0.5769354532890592
30.0,4133.017975530267,2436.4589547207092,521.5599093410838,523.9415766812629,0.5237258222146945,-0.15194256395344116,0.07080212412957622
30.2,4131.293424290274,2437.450599196854,521.142914215847,524.023983484076,-0.43919422268342856,-0.5447693739764204,0.7421008916260997
30.4,4124.379233876477,2434.083330499651,521.6009995569923,523.8733096570602,-0.808807297213875,-0.5076618614995435,0.5944094159880565
30.6,4123.454846874317,2431.3347860124304,522.0420785415648,524.3593850670751,-0.008440656338158313,0.26219569506530394,-0.15987564758642692
30.8,4128.387277692858,2429.5830165942475,520.5155922875649,524.5793143522458,0.5306837896622761,0.12593370674715806,0.8631542137206627
31.0,4136.120503066084,2429.647732284799,520.4947552323922,524.3417763838219,-0.03486362352160425,-0.12854377451631013,0.11598908948046405
31.2,4141.4893555106155,2430.69481139746,519.9249301660036,524.551849822571,-0.5842232843418346,-0.5756944007170465,0.18749002513214005
31.4,4145.349112327746,2429.0876202280033,521.1551413675056,524.3408640893099,0.3444016021835152,0.38133202687594,0.4002414947139199
31.6,4151.302644311841,2431.1019708107706,519.9344838621603,524.2982938093849,0.13051062664866867,-0.9241182665953009,-0.33418913558484964
31.8,4159.157909730551,2431.2793282615103,519.4038174103823,524.8630191057571,-0.4579268944439826,0.5945971151240773,-0.6645432681382882
32.0,4163.446543464458,2435.6643431195944,521.4833847589202,525.4615163009748,0.469209547492701,-0.10024067512352357,-0.48726631087643074
32.2,4162.367234528674,2435.951063289379,521.9478032397604,524.8559761280343,0.0324013350120673,0.37277014559623567,0.5587173492817646
32.4,4160.41296088023,2437.9988613437367,521.6678521461477,524.8940415260341,-0.13784779922043588,0.33032610174923255,0.8447210392470128
32.6,4156.494367934708,2441.00214490753,520.2227007516416,524.2208906877162,0.501294117128498,1.043622167126202,0.17008984831020887
32.8,4159.106669532015,2443.480432843699,521.6075724264152,525.0089201345253,-0.4832100794871528,-0.6950449440490061,-0.8831454769746289
33.0,4164.386245544278,2447.758839433996,520.524932668096,525.2590612405587,-0.344322140414827,-0.07872948049318099,0.2181190409329158
33.2,4157.600540307252,2449.0329361199388,521.2798393518602,524.6455947638482,0.19414863519809172,0.2771666854303918,-0.3668038028360976
33.4,4152.641728054999,2450.302790740742,521.9068200113484,525.0336339435548,0.9250101246006341,0.23914927464624047,0.4690830709022727
33.6,4146.325612241246,2452.0256823430627,521.1954986091285,524.9302146401693,0.5147531578620954,0.24565647040300614,0.23554802795036306
33.8,4144.156180538049,2455.4904781153423,522.2646450544128,525.1149420211497,0.3838557031209005,-0.50852864474227,-0.25584769008302904
34.0,4144.853880530074,2456.238607606254,520.2533229815218,524.5054805939335,0.18283661120343112,0.2587575567322341,0.2909879592883656
34.2,4144.959320679591,2455.610281106699,521.7813757036257,523.6005954467147,-0.48164576735395476,-0.16856636308365366,0.5346880317061884
34.4,4144.8116033968145,2454.4287943650725,520.3593422850727,525.0433754020551,-0.38448853319777915,-0.9049173242333516,-0.27862524497647406
34.6,4138.3207798118965,2453.160336090664,520.1261152605671,524.6247394778361,-0.002734218898475364,-0.12085344440513791,1.0268767560371295
34.8,4139.39131723193,2447.0695055914575,520.7841041703155,524.6857475080079,0.14820122413552336,-0.7239159594462363,-0.11891413302810484
35.0,4142.355734612775,2447.9584347406,520.1838205631497,524.4465700492527,-0.13099714710054403,-0.3973706777890417,0.2710056746386359
35.2,4148.722294889696,2442.62745096959,521.0976341714265,523.7412308035448,0.23709803245837785,-0.7744393417411018,0.3335951588514618
35.4,4153.015281059099,2438.5170322447034,521.4232223960286,523.7627258894217,-0.40512637316255845,-0.4894765785976104,-0.31936801770636414
35.6,4159.273377401146,2431.4381714595206,521.3296865054175,524.3553030597576,0.344056197692426,0.07771012777511005,-0.3301343479983638
35.8,4164.561946119508,2428.158998465929,522.1626191680224,523.7390662678674,0.7065802214684572,-0.005683476360714359,0.43572028307739574
36.0,4169.548793523269,2428.86130968181,520.9054306617985,523.7287983457704,0.8827034214397762,0.40087149991357807,0.09416291665794563
36.2,4174.065087538836,2428.2883214970375,522.6108209767733,523.4042527245833,0.6475832541254184,-0.16820824904194737,-0.27380842304132175
36.4,4173.580805192501,2429.4886841749085,520.9383408335939,525.1574720313781,0.5297600583413615,0.16206299031224738,0.5429956120625656
36.6,4171.530454838368,2432.828921464177,522.8454181535908,523.4499364668744,0.10061618958270731,-0.46019785996121265,0.44615101105426236
36.8,4167.212556293224,2437.201411576805,521.8012372590907,523.5696358472334,-0.45503754359006576,-0.3504628057291477,0.5494713384010389
37.0,4164.219158561158,2441.924540903807,521.3991603846022,524.4259741078885,0.7762402710397293,0.1773991312479018,0.5746941645580987
37.2,4163.31037329604,2448.138452395669,521.8123952837288,522.5956454704833,0.6342049260238136,-0.4669053648026942,1.095874329202867
37.4,4168.755196357479,2455.2909370569873,522.2816271417353,523.2037568268926,-0.5994676557837907,-1.084242631783143,-0.44967214354671237
37.6,4160.4378161327195,2459.224373392613,522.0883067622908,525.1378196554562,0.12329310961316156,0.33976974954212774,0.8609320330918606
37.8,4158.290958833037,2463.3579013671406,521.211939760629,524.6649977100417,-0.039263397753635604,0.0026537047896064182,0.4822770562666115
38.0,4153.926406801646,2467.117569327431,521.7805795417613,523.897286922408,-0.358196285904349,-0.0420116962928846,-0.4691772112607408
38.2,4150.274446245173,2470.789146283427,522.0369687400387,522.4762258585861,0.8555451808754297,-0.16059900932745927,0.6096234544967636
38.4,4147.649701031445,2470.203036699448,522.74092085707,524.2115484026834,-0.02848005640963272,-0.14192917266161112,-0.1014890295255633
38.6,4149.6111798034035,2470.927400437838,521.3858850459708,523.3610238940055,-0.012768135750577303,-0.9155162935011261,-0.5331512749735143
38.8,4151.817318301561,2468.339989501046,521.046277705489,523.8030910653297,0.2082679455740927,-0.9386789050275053,-0.41620908653266003
39.0,4148.96748664016,2466.0829861982506,521.7840656959066,523.606565672033,-0.16811907355986647,-0.5803405895438181,-0.6197727655290941
39.2,4139.789152317946,2462.6285863122603,521.4465889949247,523.5696590804058,-0.7919838247564015,0.5755419313512639,-1.0490656043980924
39.4,4148.123353131631,2461.9769192407634,522.1204507628797,523.0935174945698,-0.1709549605784289,-0.37103208384600184,0.5860352556673651
39.6,4151.354810989439,2455.008875506109,521.6341632728347,523.3931974522669,-0.422717173207508,1.079424229226052,-0.08127116923105641
39.8,4156.640410270444,2453.163134470236,521.3079678584955,523.2248190985225,0.6792561196806282,0.29418861989960376,-0.032906252394871396
40.0,4165.756464675023,2449.5570301840517,523.1583123697822,524.8798994971763,-0.0008931867350660522,0.06806625123528347,0.47412932152740456
40.2,4171.3778798008325,2447.4127327669153,521.7676206250615,522.7485841267192,0.4788375333960942,0.2158550363093807,0.5371127048088054
40.4,4175.958995596173,2448.974619459324,523.9925512835676,523.0479426178937,0.2610655026449774,0.007288215566552036,0.41411994846637334
40.6,4178.192737372142,2445.2297167266097,522.6881105224862,523.9545026976642,-0.25217770424730546,0.3935084821827124,0.5873441014728623
40.8,4179.569062978054,2444.744875506769,522.8728546756265,524.172642143945,0.22052928139549577,-0.18075142687596063,-0.29735382618439377
41.0,4175.56550693916,2442.791198226137,521.8331979090931,522.5974429649264,-0.5133575311780035,-0.4021963931944523,-0.17890386594143676
41.2,4171.403535336635,2443.326892157592,522.0610492889474,524.3815685899501,-0.16716822216952734,0.5517971459056915,-0.3386012610105313
41.4,4164.592723410717,2446.8849046850787,522.2992890456561,523.7646210062962,-0.319679440132601,-0.0604252084598625,-0.8345241110559531
41.6,4166.518001678507,2447.961085295025,523.0912436883884,523.1888325084298,-0.05091008317829678,0.5172368227612989,-0.26943363382014845
41.8,4163.892027973571,2446.159115687674,522.4985648586119,522.7064197771354,-0.24659367010695227,-0.1336078045505227,-0.6816880431737304
42.0,4160.679077731489,2444.572272566045,522.9498655347394,524.3465013600661,0.34339796886449014,1.2426330444632192,-0.6702592096063994
42.2,4153.311637493107,2451.6842854243373,522.7200992908049,524.3002318239085,-0.11284509066432219,0.3893197975310668,0.5814262569295939
42.4,4148.100093682224,2451.9130675740867,522.893459212904,522.6334705999864,-0.06529136111097827,0.09242135769337478,0.18070156684652056
42.6,4145.511338146237,2455.617056193239,524.1035344205724,523.8474640436605,-0.1278179530981145,-0.0641270406721195,-0.6223540186314994
42.8,4146.69866565222,2457.7316386608595,522.652001556312,524.4260801369952,0.4340650096193767,0.14569804066723555,0.4399921798345802
43.0,4152.423301418083,2459.8977519952014,522.5316818134337,524.2722228399954,-1.102951236400888,-0.3127106653779866,-0.41041626099971773
43.2,4155.587159828112,2461.021053313268,522.084386185744,522.2152545153091,-0.6435995468431274,0.377472083250332,-0.7602962121205497
43.4,4153.120595839755,2461.6142806808743,523.2775703893358,522.783722774684,-0.4183648350131632,-0.26757690396371947,0.5013594035828193
43.6,4154.555597836141,2464.925535296095,522.9945726077772,522.671653165884,-0.6882132779139509,0.07832039169695437,1.1361775303906037
43.8,4158.129744640376,2465.551397640933,522.5204442281514,523.1334907663471,-0.6976547187270238,-0.21509730215701017,0.11380610019671884
44.0,4167.029990573047,2465.814348851777,523.8127359982461,521.7373102573026,-0.46379427461794204,0.15445476524118557,0.34135693398521355
44.2,4175.1447318642,2465.9237663990793,523.5281953585339,521.9421082773691,0.2604749318539685,0.18493427805718352,0.48851218892866044
44.4,4183.242609877296,2463.9952902520563,521.9281743995347,521.4337906829378,-0.3131457653676816,0.46771818738871185,-0.08227650480346867
44.6,4189.092825052545,2460.473700213501,524.5974083038976,522.494831251987,0.16536317338120693,0.39599072763908993,0.18843755382761423
44.8,4195.508184227905,2457.557121402624,524.1066802681634,520.5891226004001,0.7881600459752779,-0.5790679378640504,-0.404092198045015
45.0,4200.283311213992,2457.788471520226,523.927412066895,523.0603806263302,0.33555810927634155,-0.4236816668969241,0.28583878659925677
45.2,4194.921792934326,2449.5683799419153,523.2095083931588,521.832981894774,0.19766406283903357,0.30910637865470914,-0.6535388791960223
45.4,4188.353363847039,2447.168890612567,523.5927254153187,522.9464406463402,0.1858653412753433,-0.32785190407106746,-0.06666658742904101
45.6,4183.399338141733,2442.40959358687,524.7804681075085,523.6584025783895,-0.14842334522384762,-0.6569715652834093,-0.4420288219636538
45.8,4177.1969872672535,2432.106590382807,524.0220845844531,522.4198793627188,0.049340596936722304,0.26259997517161093,-0.02381401054567545
46.0,4178.64355046328,2433.163067671928,523.8664671037635,523.0011943111908,1.1506311421909419,0.11946091701756595,-0.5835440779939741
46.2,4174.955878582382,2433.9996639007672,525.6657942119728,522.7853800807,0.48754617531508393,-0.044620922820383255,0.19770042249149009
46.4,4163.2648888445665,2437.4296158040115,524.9002797498615,522.055360027836,-0.21024197607119285,0.12230242277670267,0.1835467810570966
46.6,4148.769607272054,2438.6297725591326,524.0954081493383,523.2045807037937,-0.5005323817708656,1.030870322505029,0.9750136540327758
46.8,4145.696072884515,2442.252229260219,524.9331729549551,522.5912927218769,0.053382208375489404,-0.03519747993092423,-0.411830576621215
47.0,4146.1822616629615,2442.894135087256,524.7491507163429,522.3628347613845,-0.024173858094695865,0.42542719388866596,0.41560719772021454
47.2,4147.099328105403,2453.052607113881,524.649651747497,523.4436508095914,-0.273370775500927,0.2690916488327746,0.9823754488669341
47.4,4155.470279702114,2455.691507663745,524.6314325193794,522.4215933080537,0.0820216811770822,0.3145989793210191,-0.9885237201624805
47.6,4161.173216065889,2463.100689724804,524.462382100539,523.5680377767486,0.5389796020083841,-0.16524119377522695,-0.13520754430287105
47.8,4160.858192555619,2467.8657753163116,524.6534889177586,523.1539039482003,-0.7091959420591363,-0.6048275148588081,0.5332982268045835
48.0,4164.212098608555,2471.140461452658,524.345173806069,522.1381200247583,-0.7643209351186129,-0.4126694558404724,-0.37723780732405965
48.2,4172.685083455371,2473.787699394643,523.5492706597587,522.9831925325419,-0.33441304156311563,0.15568769998215584,-0.4813677021658337
48.4,4180.122616744345,2473.2121818293367,524.8297075036716,522.1703645412872,-0.7951266604101899,-0.35089184768983334,-0.22350540760754575
48.6,4186.070691122908,2472.660750595405,523.8405941752454,522.0955074776726,-0.5330658451073638,0.3397011680444792,-0.33847750440785385
48.8,4194.9474965927175,2469.363787144926,523.5809850344912,521.7804363059488,0.04378971897136428,0.02119183871435479,0.5266893359970927
49.0,4200.699637316056,2469.613309765095,524.9308925628584,522.9780342897718,-0.17770941502924326,0.3531516305905316,0.15186203520442507
49.2,4202.813802667123,2467.289766168599,524.5509157580029,521.9375670351296,0.7457325136779638,1.279620762716675,-0.8253496419173905
49.4,4202.306410618815,2462.7528319715784,525.6282614249113,522.951425143011,0.15601715004057556,-0.09546279659376039,0.639642321369926
49.6,4197.5016897930445,2460.727494461212,526.1256039634524,521.0601552271851,0.43222625667391495,0.7430937265236488,0.28781173770482693
49.8,4191.02566337146,2457.2181309751945,525.5014053237016,521.642929617332,0.14356570203406055,0.798844599299452,0.5954864293571636
50.0,4187.411236431446,2451.859592162031,525.2368893347078,521.738864111956,1.1551340236850198,0.7516466333690345,-0.9794940909204569
50.2,4186.812136710201,2448.4720177690792,525.4741762056136,523.1961519451963,0.09111541490516635,-0.6464071915933671,-0.2748423126880863
50.4,4187.576501983405,2447.7468305471275,525.5491475555621,521.1480513514169,-0.21789770000050815,-0.36235675088946684,-0.3353823268875882
50.6,4175.950657187944,2446.9669010220473,525.7982689799419,523.1293105144624,0.6906799140090538,-0.21308129895823416,-0.2545784691767001
50.8,4166.150002180843,2443.8863007920068,526.4752219808959,523.4493490045347,-1.3756703472217948,-0.9441488299842482,0.26912793013639763
51.0,4157.8192576358715,2444.44892062857,525.4371607770202,522.6423705537045,-0.13070218174596485,0.47210187811482357,0.33497495676102895
51.2,4149.958435311351,2446.9308295940114,525.8599663044573,523.7211038277832,-0.5375331205446288,0.16194783220605025,0.20267321893521373
51.4,4148.4767305003315,2444.693121479439,525.4190397374413,523.0755898435957,-0.46394274780267813,-0.6382008270836773,-0.6177635533263709
51.6,4150.864800200852,2445.1706123221707,524.1859639186542,522.84065254972,-0.5523055825803993,-0.49101938997130906,0.5267684047622013
51.8,4157.021042783642,2449.386058771584,525.8201387198434,523.0801111944247,0.35337527474231956,0.14430844681806135,-0.153523739714702
52.0,4167.504555904789,2450.1677578286512,525.6786357490607,523.2144016940321,0.1662854105286759,0.13420150673457096,-0.008131851012954949
52.2,4161.231993582334,2453.0204009388303,526.2533938899907,523.595294716345,0.13875695961795212,-0.5901413323028486,-0.38834201839940086
52.4,4166.03783508152,2455.7035756682412,525.6306963684705,523.7631538113018,-0.03414692114925992,0.1755622037465012,0.1791756852892176
52.6,4177.290446582412,2458.206192467566,526.4637474140624,521.900866374461,-0.1362718741726923,0.26115344727400813,-0.05675712241752442
52.8,4182.386543897787,2459.2791638959015,525.3093590595689,522.4903714901776,0.11485617317633057,-0.9727075634127653,-0.172911625312041
53.0,4189.174260067723,2460.226628213389,525.5643674630267,521.2709115853701,0.7118146675853063,-0.04005818307296393,0.3430310539394279
53.2,4198.976585803391,2466.51589737304,525.5183703280271,523.2297026136612,-1.0064685795906811,0.1243790124203822,0.9006120906581833
53.4,4205.551889360819,2468.054768328923,526.205488702744,522.1985539177992,0.30818755837116785,-0.31491461663970377,-0.26036216101204795
53.6,4209.532803001421,2467.317476756164,526.2492563229864,522.804595024825,0.14839402175978397,-0.7878798825108545,0.17889141770447117
53.8,4208.7342804179825,2470.158953549517,525.6408243868741,520.6203176058002,0.44501203788165183,-0.70138510810158,-0.17811908387468292
54.0,4206.983310825082,2468.9524028695,528.1660025904176,521.1298427450529,0.28373911765670823,1.0022608866535745,0.22131715280460337
54.2,4204.641303974523,2470.8466547769854,529.040901928667,522.7256262293688,-0.3036538369193612,0.22733665724981805,0.3722554364848681
54.4,4203.034349541954,2466.9149197023808,528.341920620762,521.533738752023,0.6481654541355304,-0.44411965796559344,0.12294597501236083
54.6,4203.3645202847465,2468.9577070239875,528.6930758592724,521.7245510737814,-1.143610712749405,-0.20970353911022704,-0.26457468065397555
54.8,4209.854947707077,2463.7001252365158,530.6359149860281,521.8124099907973,0.0196321651283587,0.31173817533323456,-0.007257447048778843
55.0,4203.688933074432,2457.268062106147,530.3719388832722,522.6356271522717,0.07784322679667025,-0.215776351808525,0.01397381446011489
55.2,4189.136653753741,2456.1702471658987,529.4673203369034,523.5919550625115,-0.5716839954383667,1.47985183603523,0.14515151275750035
55.4,4177.5663315281,2451.065069846323,530.1517056234417,522.4716951117942,0.4835219597477552,0.6631174731609835,0.27667252130065695
55.6,4165.665968398166,2445.4293340230774,530.2524596548142,522.649763145414,-0.6172733187402613,-0.10594086472723886,-0.2532221571285579
55.8,4165.714291225533,2438.706400504873,529.8313449878536,522.2835087418629,-0.3274752922418293,-0.21254876278491963,-0.4390227671904185
56.0,4166.959006411895,2439.138738221528,530.6235171897025,522.3835249015812,-0.3594373096757843,-0.06283376473493843,0.4192210493541783
56.2,4169.106840680357,2439.4749259362516,531.5739991994634,523.5206698543158,0.2791082305975528,0.007262440654161307,-0.09186237539897732
56.4,4173.867073004675,2437.9364654118817,530.1489965001019,522.9241007954048,0.5093863813237055,0.5375037544875723,0.4552446791019278
56.6,4170.849236044901,2439.175585827028,531.1472170998458,522.8794314651636,-1.1951768137434713,0.25269896376900175,0.0593816495149066
56.8,4169.947743887945,2447.852709642301,530.3394078700562,520.7613700347567,-0.4489819669476352,-0.7436836028292868,-0.0793875564017347
57.0,4184.961515500922,2447.42941017197,531.834202598896,522.7008170648631,0.2417370831881043,-0.6679440783096676,-0.5340089354943895
57.2,4190.383547055389,2457.115603912283,531.5615943082106,522.295685511179,-0.549601802792313,-0.8316174955182359,-0.09431153408291434
57.4,4199.748473398929,2462.11734106606,530.1135814809749,523.6842767610182,0.15067757347017036,-0.6313692665740929,0.274272219700215
57.6,4207.142517597581,2468.2605415914795,530.6747016083381,522.0993445110843,0.13097240002232763,-0.47579665136826305,-0.8491624873058766
57.8,4206.728012382146,2471.6089224422585,529.4314749016166,522.2453991435491,-0.6229683252519005,-0.10156570939645707,-0.2873030297282161
58.0,4216.29455530506,2471.160090954741,529.1748006920303,522.5967276223316,0.17691629977328313,0.16029393865246894,0.022084945385398142
58.2,4213.0563943749285,2477.5847286074,529.8863568888216,522.4750850645652,0.39380712516957145,0.013837402387336146,0.09840842759644246
58.4,4208.693912683395,2476.433529797212,529.6295069561166,520.9947274556025,-0.46093670932152125,-0.18198080879451414,-0.6787409865865799
58.6,4208.379748471909,2473.566295772479,530.3589612098281,522.1068489693446,0.0159442540424881,0.4256018146812854,0.45807014590127665
58.8,4209.512388107542,2473.071917776422,531.1224298806277,522.1061830014552,-0.45584296035276145,0.5628580639407943,0.02265068949367026
59.0,4207.379574979526,2468.5404229344754,531.5902102014614,521.7992633300967,-0.19161362082825667,-0.9981322463881691,0.20323477694483505
59.2,4213.647309339781,2465.7597873816944,531.4512028014818,521.9123596981955,-0.35801858028064654,-0.003955366182884079,0.25421544279286146
59.4,4204.763763586062,2463.9909774127846,531.4280326204467,522.2453483982842,0.27405543960044626,0.6586587565446163,0.15655810988827182
59.6,4186.8526390425595,2458.7476070172092,530.5804730567921,521.801157564385,0.6207296448543372,0.9918041324113478,-1.0616107296672355
59.8,4176.7248180654815,2451.8004104943298,531.3411312020752,523.2061465403199,0.2828964990530748,-0.7731609951147417,0.44073245470682737
60.0,4169.828003615069,2451.570871463678,531.7836138971636,522.6521386977914,0.03871723923945754,-0.39849047390718206,0.7049301730290743
60.2,4166.612287975217,2451.0489837815558,530.351471020101,521.7753735950581,0.5665011375458042,0.44149989665669676,-1.0952054033121115
60.4,4165.501815214103,2450.9609282830415,531.8761383270416,522.5355750873614,-0.8555385242779485,0.0025320229928212914,-0.0008804876887027808
60.6,4166.859154418927,2450.5385095463375,531.1032539063782,523.7376578750789,-0.5446495928981533,-0.7790119085755446,0.46141914171013393
60.8,4167.896450786397,2448.688945650863,531.1599610025576,521.79092307359,-0.49425943606300615,0.3948348281918566,-0.4699708100108166
61.0,4170.6029390906515,2448.8079133879305,532.0015988915371,521.5049553215396,-0.2440179645814519,-0.3986754689123349,-0.08841748092998541
61.2,4173.403450765726,2447.44970234121,532.1886964137088,523.5730510512537,-0.6135296169938086,0.6048480676229451,-0.5371356339046203
61.4,4183.569118982231,2450.619008988673,531.9437337129984,522.4895625023496,0.12090748434890919,1.1733047334116218,0.19290027499780313
61.6,4190.929996346304,2451.9672448066585,531.9676319886536,522.6014597019805,0.04671988859386984,-0.3325892677722282,0.23531803605895465
61.8,4190.792310544855,2453.44870223863,531.0554998394946,522.1062790742385,-0.018204420311701226,-0.16320176990937477,0.078084009224386
62.0,4207.528759414284,2453.146338180866,531.8930355282749,522.3381356804539,-0.7767170046353257,-0.5412141834506157,0.44656470601788206
62.2,4212.223706969724,2459.6958688851964,531.0470784800194,522.6375006102878,-0.6373545692627196,0.054320065057446985,-0.05270834312929732
62.4,4215.780935846591,2462.7549761402015,532.6583112311974,522.0071848295377,0.5205763208869619,-0.37000280328225466,0.28913951765713225
62.6,4210.360985065808,2463.2286238976008,531.8310042501313,522.9971430978152,0.2340130826408854,0.8411626025710524,-0.3209606187639315
62.8,4208.4400285277225,2466.598042049545,531.9186493943665,520.9624020349726,-0.763762747494224,-0.22992853637231178,0.18225758032603445
63.0,4210.658949233963,2470.702136076075,531.1769328196876,520.8083159212777,-0.44097143159975133,-0.4743676695318772,-0.8714421456968496
63.2,4213.038959484667,2469.3932071028935,529.4762133345278,521.896738027262,0.4068009686897175,0.5749358426745335,-0.2780842969363595
63.4,4211.8623366849515,2470.128683561043,530.6544071543692,522.9591335994024,0.13409751549193222,-0.0888372080159694,-0.3592428649979683
63.6,4221.073973897733,2477.114965938263,530.3561845545852,521.8022355882069,0.35440174718531037,1.1017189674599928,0.18878498168306584
63.8,4216.319822951486,2474.290171124767,530.4878299953593,521.4955870716328,0.5458649238713814,0.1575450559781484,-1.0601358272641412
64.0,4203.955684748917,2475.8664859466526,528.8367287121065,521.3566748500103,0.45752003105457656,-0.20508951529808556,-0.3815408222570265
64.2,4194.586184045748,2476.0393663515083,528.389153092264,521.53455371277,-0.3145598271878992,-0.04721310356370151,-0.40604752374471753
64.4,4186.569529443144,2472.853203300232,529.4268184674169,522.9955627686647,-0.0324846749578071,-0.27931791957996416,0.3124517904308951
64.6,4184.380288860428,2471.4620103387315,528.4243135478107,521.6691508801905,-0.2924352116827617,-0.697737960473673,-0.1452075847805141
64.8,4184.181066633238,2467.836188010731,529.070377205002,522.5867802504214,-0.8514072030558751,-0.47950866844912243,-0.14584928522128063
65.0,4188.334354947972,2467.5788821039932,530.3445870846798,522.6972153041119,0.396634623743844,0.5014014280251329,-0.41820670326911175
65.2,4191.416119937417,2459.0950387575076,528.5840688602713,522.7079406356588,0.4120383970757288,-0.6643539168439446,-0.37109718060176095
65.4,4183.091013524112,2453.969322115779,528.901683896887,522.9327701745611,0.4473923211511933,0.30900899898279427,0.8715778858079879
65.6,4186.516923757833,2449.6759234896194,529.4910912917092,522.8479858416216,0.036309228006303054,-0.08355924908859136,-0.06589665239348294
65.8,4192.559474989029,2445.3231653486546,529.213477020299,522.3472091449192,-0.1747027815953814,0.1702182686001093,-0.4452704398878555
66.0,4195.569807286868,2439.695479489838,529.6593204790587,522.0849079566932,-0.5664278210124741,-0.22084640328153152,-0.6280833426518473
66.2,4200.1018842048325,2442.978797706644,528.5681632953341,520.608283333889,0.441939778547352,0.6754518901299172,-0.35189402815195236
66.4,4208.526355916452,2441.998125099393,528.8708288156632,523.4169850540391,-0.4607744943820013,0.5664154371178579,0.12064377129734302
66.6,4208.468473149878,2444.355613917143,528.1533694910205,522.6935452831726,0.20560328891168586,-0.5636362701851589,-0.5322226665351819
66.8,4211.606875394582,2447.9700050202014,528.5568905232583,522.7619039077302,-0.43004317945378473,0.365989184332947,-0.42099118407775615
67.0,4211.1916066869335,2453.239207613011,528.6320747248735,521.8024852989746,0.5035285691917449,0.15628443055319427,0.029629499165253134
67.2,4205.063331386579,2457.130696279596,529.8295004082332,522.7066936517017,-0.11513472362797612,0.30940060094500027,0.6358140765561616
67.4,4206.042765412999,2461.0661624690474,529.119380267703,522.7578938686116,0.5117554531991436,-0.8780287870284924,-0.13693167357431063
67.6,4210.570009359851,2467.664239336455,529.228489974599,522.7050737826263,-0.22816649445303416,0.14992651413177757,0.2616864978982194
67.8,4212.982359341981,2473.4888639152323,529.5820054720871,523.2929948719001,0.16749769664510275,0.4835143690293305,-0.2570054260193655
68.0,4222.414114779619,2474.423489352511,528.7523914316871,523.6736101857022,0.18076804018042117,0.29334513346872254,-0.029936441762676045
68.2,4220.307561996624,2476.835900184928,529.7758125511028,522.5408464609002,0.4617710114975907,0.4885443450635295,0.7423895525887212
68.4,4206.918460514104,2478.074021503449,529.9792407992637,522.9539335579032,0.017268603541971253,-0.7376571945638604,-0.044960554887900725
68.6,4196.942827852958,2475.298577885745,529.8141644669333,523.4478550609134,0.19720406739050328,-0.9365288300831592,-0.12423104970293623
68.8,4188.179778827362,2474.645052572801,529.0937096520793,522.2687358893381,0.11703733765569806,0.06330248765644007,1.1187819338607605
69.0,4187.661440980561,2472.8687679662207,528.4717668917201,522.8023755471041,0.42518487317403036,-0.0872138926614418,-0.46362008124203835
69.2,4188.111633564804,2469.871345174608,528.3472055439728,524.7189556500724,-0.10361824586755712,-0.5695560826549673,0.4095504670008128
69.4,4187.949875733926,2465.700347079228,528.6064909674405,522.523708113661,0.6430542546618639,0.6092031950108364,-0.5380590612223646
69.6,4189.706761148325,2464.061351175015,526.8611538233806,522.877704014519,0.13697430542270483,1.1606286838769255,0.21937033601022815
69.8,4190.185609568087,2459.6301489482894,528.2108111269229,522.3274953763405,-0.016257613840908125,0.7113166419411803,0.17039791780694458
70.0,4183.411122227487,2457.902151315039,528.0207524919053,521.9844909571439,-0.1549964904469798,0.585271573004435,1.2083936068869112
70.2,4189.212519561302,2452.8001878328773,528.0896535948254,524.7699310513086,-0.30261954952593517,-1.1273366778807479,-0.21440457228544668
70.4,4193.959239695149,2453.7074213624423,527.7133300913657,523.1780668643474,-0.6496640275708848,0.06291068873658419,0.369459834201305
70.6,4199.1976989307395,2450.914043198035,527.4259772098957,522.6508833165867,-0.6609348830329578,-0.3222642372145361,-0.33482729189354915
70.8,4205.583515914273,2449.3994829424037,527.3445067152938,523.1354190605217,-0.2968468360236121,0.5383580739797313,-0.2795735471616922
71.0,4208.884400469714,2453.251486243988,529.0085847778971,522.5904995869196,-0.39121153050977214,-0.6361269944372449,0.9840928435252994
71.2,4213.245265510301,2452.9709317042293,528.8280093852885,523.9727005641249,-0.09826895505478549,0.40510709938061357,-0.5869073091745369
71.4,4209.427094157445,2451.9426129483627,529.2575897314919,522.3719911383052,0.8306612403020976,-0.7007449168638762,0.1019336704638001
71.6,4203.852627240457,2455.3757623893166,527.6430384433841,523.6585694203983,0.44957557466209735,0.1775773180928503,-0.6432600265193489
71.8,4204.212619695718,2457.165548361978,528.6349904392388,523.743920444942,-0.727899265792487,0.8506346212360056,-0.6565965645391912
72.0,4209.304274634113,2456.8071732856765,528.5609338478868,523.6342242990522,0.19635226223313323,-0.8071255808898188,-0.14940285308439571
72.2,4209.207863733015,2461.1525433276297,527.2538497847439,523.7483404211355,-0.19033564441148954,-0.32225112547212004,0.6207486566392553
72.4,4216.525335853342,2461.2274386254903,528.2390998249609,524.1569472238305,-0.6544847353298889,-0.016917435155112723,0.23327144940903427
72.6,4220.291171815495,2466.7901398936865,528.964698405735,523.8618014031558,0.0005401564701139264,0.6129716778015889,-0.06900083426811353
72.8,4207.234566478212,2468.494118982566,527.5044076455026,523.8170657062943,0.019591495575811035,-0.4621394062040087,-0.017310635939033415
73.0,4206.344524529456,2471.5746448517953,528.0870154590912,523.1885986782453,0.29218669700239697,0.4180968313697952,0.3086716608253287
73.2,4194.306574236912,2471.9272808583287,527.3853463324949,524.777209254095,-0.18731379079659694,0.9386322331479952,-0.13934523457297687
73.4,4192.521634837325,2476.301249885966,527.6916724992209,523.9257018117842,-0.09750628661804943,0.7712493227798156,0.5287446746836636
73.6,4194.155520971095,2476.4165491298077,528.5693231133712,523.4922852262589,-0.39284780775781747,0.3944931918622347,0.7888344682643956
73.8,4193.729589329549,2482.4401043928624,527.7403903649883,522.7939053787409,0.41478781679874377,0.5865985811577707,-0.841233764611426
74.0,4206.330784320135,2482.462140822585,528.3211411787217,523.0921242852431,0.3216383000761642,-0.04060963561159319,0.5247352405716121
74.2,4205.720725897561,2482.536050233543,528.2910632903805,523.6071463426239,0.021090399745296036,-0.21718561813907078,-0.5853325031259997
74.4,4199.4240397654075,2481.6761214597122,527.4793968731495,522.8213234996668,-0.2584219579780283,0.9271810827368302,0.04315023085414077
74.6,4210.0748025680405,2480.2175611993475,528.905328329372,523.2526011775493,1.4547538115838057,0.32728762418699425,0.1318833066917555
74.8,4210.478390948663,2475.3664733587557,529.2071497472494,523.1008152598325,-0.7156867332612453,0.2004669082269185,-0.31922003728316545
75.0,4217.340859127801,2474.252855384225,528.5131768755605,521.2560441750402,0.22837552078270124,-0.4630718862301581,0.5299960170040104
75.2,4224.655142902116,2469.9154537634863,528.2826198510465,523.1738723835031,0.5038746159393432,-0.3774777565618011,-0.44370501004640417
75.4,4223.526736796058,2462.42394825648,528.0799808905343,524.5597099257125,-0.4787379641914853,0.2040327523388591,-1.1044351201746914
75.6,4220.056966847019,2454.878591085292,528.8138869593836,522.1584593810966,0.4182854037587339,0.0712475371795096,0.1608444513834998
75.8,4220.144739771906,2450.545023975224,529.074878426872,523.8407905305822,-1.0029534441176864,0.3177871070121864,0.6083173973000725
76.0,4219.434017680483,2451.238447968816,528.7350150363858,523.4769457097976,-0.2886230290565034,0.12477384517571372,0.3365056871810156
76.2,4210.456909266772,2453.682509078797,528.8318200307534,524.0056015361552,0.08455404886093189,-0.4879617154339383,0.2102346231267089
76.4,4213.208389737835,2456.7621894939416,529.6999997327813,523.3475858855362,0.3318302677243751,-0.6426489735666978,0.3191476774635992
76.6,4213.623710840934,2455.4399867180855,529.5225870686743,524.5999673888058,-0.8990433692244221,-0.7396263642622972,-0.40341820419079644
76.8,4213.407399131634,2459.0676397306065,530.2791673280902,523.8123396627872,0.17312835817414352,0.2756624132545331,-0.5969726976979749
77.0,4226.932013502495,2461.3739157065856,530.3915062600433,524.6811903784429,0.4614335220726985,0.4082712599298733,0.6488095895743413
77.2,4212.754856047495,2472.9194022419947,528.6432222962951,523.69955098779,-0.06789366681723294,0.24814081020791157,0.41851929489721557
77.4,4207.29628514575,2472.1117183215383,529.8424169255868,524.5006939963836,-0.26833798413991133,0.108079751712093,-0.7902700776420641
77.6,4202.134519456791,2479.3534983300838,529.7305009407557,525.1357891291813,-0.07289529614543688,0.4382814174318861,0.3057385670084328
77.8,4199.178213159821,2484.4445504040273,527.6062651426566,524.9896418562292,-1.0070629804653906,-0.20899422541174856,-0.049661313503248775
78.0,4199.741181034287,2487.1777472950225,529.9882530521007,523.5333208011552,-0.18800683346313565,-0.7728421067564964,0.04494669884396685
78.2,4202.339313272089,2486.823999553058,528.7249607037961,524.0010727844223,0.757948935556909,0.4495553062724295,0.31904835986207114
78.4,4202.994148879168,2485.1512631608866,528.8325085521476,524.4145321042283,0.9759925362384351,-0.4237840658490428,0.17515331822365787
78.6,4196.5444835547805,2484.735310076946,528.5776936728862,525.146596601507,0.2706865157587993,0.07353808780156279,-0.15991234084584866
78.8,4196.671663236182,2480.9148544923673,528.6085572694309,524.4385712415512,-0.5236516246959153,0.10415716437372732,0.35277169348049775
79.0,4199.4944386223815,2481.660999012508,529.3475079562744,524.7147126643248,0.36585670106938895,0.2876791698102401,0.28049455477978286
79.2,4210.770822790609,2478.9747187822186,529.4532370478498,524.7599627110835,-0.13678112108348528,0.18225272062518916,0.651546458454372
79.4,4211.76317842059,2477.561346751379,528.474308808663,522.7441560891567,0.13374997648016806,-0.7948477827885799,-0.08383664507909831
79.6,4212.2846578696435,2467.7116515932744,528.5627216623476,523.781212929935,-1.2521477992322316,0.4636351820191886,0.0310328469371751
79.8,4217.586774073443,2466.970071800344,528.4752810128296,524.4106900364815,0.04461934535621295,0.07048133065275966,-0.21823739614425675
80.0,4223.12424940509,2465.607918296034,528.1962751161807,524.3414865080316,0.10558346026752466,-0.5314597284958638,-0.8036140510180159
80.2,4223.797627500008,2465.334195909531,527.8041237637156,524.2938247833393,0.5137012789692197,0.2634728624630574,0.16329515912938894
80.4,4213.269880655059,2464.7585130876314,528.8796299852781,523.2166624085393,-1.1192758633871422,0.12311593618339045,0.27398231290175534
80.6,4210.526481645884,2465.418879452512,527.1044481022046,523.3228400327332,-0.6137413392536588,-0.24708259862416898,0.03465896692087221
80.8,4211.649291058813,2464.381174000463,528.4436632847794,523.4327004363292,-1.038870657774549,0.22869949142426665,-0.03234457871784739
81.0,4212.196864178782,2463.7000176860697,527.31408696583,523.2226917876718,0.23087968626583974,-1.0303551284034131,0.022967186692325496
81.2,4215.379497456122,2464.2026385438203,528.0530559601257,524.570623420743,0.7812756692800205,0.8228339298397631,-0.21069437276891315
81.4,4229.848832535159,2466.1179947291002,527.725095385869,524.0678664610527,0.438635716452316,-0.19723066912983375,-1.599146139062024
81.6,4215.895448609953,2467.74607966538,527.6152550326912,522.7190892765607,0.45394805000702465,0.08072440589257796,0.4770197320170647
81.8,4215.693776865522,2468.570236330144,529.0456564214087,523.1274641374158,-0.43657973995088206,0.1473886682590869,-0.5248873978267671
82.0,4206.006562797563,2469.7955276467824,527.7740383356479,522.5154837534737,1.3481536113623809,0.20027160851158263,-0.028849137272890613
82.2,4198.658136581913,2474.30924034685,528.3244385954405,524.324198497696,-0.08414705948019169,0.32740693240794705,-0.380142363733638
82.4,4198.961968073308,2477.6818368192125,528.0332693880085,523.8080862459428,-0.46546766954113117,-0.4251849628391071,0.005913020827979737
82.6,4200.107805833433,2479.471975851461,527.5203385496928,523.5168345290598,-0.4636613662473238,-0.4395532808849582,0.355961956585623
82.8,4203.011744571511,2482.135286236054,527.8938930709007,523.7435445936153,-0.015815574847105385,-0.3359280832478593,-0.02419821885306213
83.0,4205.993580893244,2484.9428971787106,527.9161101925926,524.0876191021989,0.2141806104046124,-0.13232033806494595,-0.26278813330342815
83.2,4199.778597097415,2484.59008972311,527.0834904440336,523.0373055132734,-0.41340733811002905,0.5181214124319605,-0.08760308425170014
83.4,4199.019892159375,2489.092443917296,528.3430263853788,524.4514531697412,0.0863043302571204,0.30173600682050983,0.9714940780186466
83.6,4213.138164564611,2490.4622853498204,527.665613184647,524.7020410331148,0.10284118787952455,0.1312951302093694,-0.36399079222875924
83.8,4213.074740863093,2491.17887822377,528.2519698578777,523.7365309410928,-0.4840621711477759,-0.30418141979950586,0.3429021817362794
84.0,4225.654301658297,2489.761125490158,527.1651055303175,523.5480786335027,0.7471577444584777,0.33822887298774595,1.2917141330179758
84.2,4225.9008777839435,2490.679981648511,528.7009610290797,523.1130937048159,-0.2934948151894407,0.08158605285319072,-0.3485572179423738
84.4,4230.981572639651,2489.0215181398544,527.909663281736,523.2632598756826,0.6383813270016082,-1.1413804059300485,1.023949039253087
84.6,4231.583588575413,2484.233720954036,527.0998971631908,523.2830013955307,0.6919853267120917,-0.9325345068804283,0.5369843384702341
84.8,4230.591596486393,2483.1478430111947,528.7843857136817,524.0154561862788,0.060272556996252065,-0.43212068783628405,0.024923067445408655
85.0,4225.497810836158,2479.7234935698607,528.7126612394592,523.461138052631,-0.08594266650128313,-0.514275034707878,-0.5832344880884872
85.2,4221.15345807033,2472.17402985018,528.3044242038512,524.089182523099,0.12299880178848384,-0.6572822877877442,-0.8731451197930372
85.4,4222.9852300600205,2470.3246123122526,528.13863036378,522.683697602234,-0.7204776189919513,0.5998978169773472,-0.0621889888370895
85.6,4220.176508840692,2459.7445894297994,528.6652935059747,524.1768514712093,0.3812683150222413,-0.8620061749543315,-0.25763387658797426
85.8,4231.0790459743075,2459.8852569085693,529.2160285923799,523.7281491525558,-0.1355610806834359,-0.871842798050862,-0.5798201597239885
86.0,4231.680381960044,2453.205482732472,529.1300695434578,522.9295793484208,0.7306388562360826,0.8706371659406607,-0.5153903305256006
86.2,4221.576683831885,2456.638089388745,529.1096170474815,522.6796090388328,0.4067095157595675,0.669512272189751,-1.1012777410991532
86.4,4209.19295713683,2456.8096860618225,529.224529813135,522.4585729775579,0.0350574211632808,-0.3824599163933034,-0.39164936194456534
86.6,4199.3003268428965,2458.412715657901,529.8391710597984,522.7274455106915,-0.22051005088364864,0.4877795275475268,0.29421914906003965
86.8,4194.172162205602,2463.580662977267,529.4021344909987,523.1092872593852,-0.29009998170449774,0.5274441575086163,0.6030699780515875
87.0,4201.142560447212,2468.0130479340305,530.1497485434697,523.1360729787561,0.36843752082909775,0.07497635654210788,0.0601434916644813
87.2,4202.44037821905,2472.1261292477698,530.9662459064557,524.150364205953,0.4421298578070489,0.01437482170386793,0.0103803473251689
87.4,4203.4997642197795,2475.459509017819,529.6793557302228,523.2803652056443,-0.3275284976579938,0.07452364765507717,-0.027876864341132734
87.6,4211.277653583844,2482.5227601434094,531.8166850383909,523.286487301438,0.5121034352865662,-0.1102057404893436,0.7898492602620779
87.8,4201.561688372271,2488.050415330658,529.0452279762311,523.7405898644153,0.12505747416748603,-0.1001803967078652,0.47245387203837397
88.0,4209.37284143773,2487.569088143739,528.3692720746477,523.2131480163034,-0.6312661566043081,-0.4343737579878682,-0.10937870531698585
88.2,4218.433537070254,2492.437562106695,529.8313733129477,523.7174699250471,0.23566264670385662,0.26584679787570065,0.14738970309144428
88.4,4226.117172207528,2491.52517413815,529.1276952247249,524.809958951364,0.14938757380224263,0.9364439415865207,0.2507591020979071
88.6,4227.17829541321,2488.7303467482775,529.174327466527,523.9382927596589,0.695404316949613,0.31164429215143974,-0.4992189623210933
88.8,4229.269159212973,2487.978939394486,529.7013990860175,522.8970267715616,0.2511379166610499,0.07946104557108481,0.9555535938410181
89.0,4232.490728945276,2484.3302012425647,528.5904624152354,523.7010975086811,0.05492960648260787,-0.024915856465218184,0.16032711484088702
89.2,4234.426240425095,2481.628887523328,529.4767108121672,523.6891917461711,0.46770949298331965,-0.2863014502329513,-0.32000345417015086
89.4,4226.431454328409,2478.7939176395985,530.0438490145362,524.9222177027946,0.8822561854456342,0.32280648011478663,0.16050879254918304
89.6,4220.228626994531,2473.019973870832,527.4202537483732,523.2011354853412,0.004609961402612334,-0.23919377074976794,-0.5001387427442516
89.8,4217.561547342726,2472.0396917764297,528.4422280766157,524.279198056554,0.9748882185563837,0.37418911690038575,0.40336312135179114
90.0,4219.502195237862,2465.1515758650994,528.1388417719776,522.810091491126,0.36897422191078716,0.07660335665420667,0.47177652197095965
90.2,4220.3550723867065,2465.9328204954536,529.5900478069199,522.6749578242062,0.21471109127953775,0.05299480655345988,-0.22716163841187126
90.4,4229.918942785606,2466.876646855654,529.6345091915018,523.1048850435693,0.7874288516689131,0.5828825042791296,0.22070787369174547
90.6,4229.202274724615,2463.4822771214012,528.5501829975082,523.9559428080875,1.1908018256493698,-0.0583093888174524,0.034136727554795104
90.8,4212.664576305745,2462.975447957796,528.0928128327851,525.711508161254,0.742533238725771,-0.5435008293664138,0.4371453580602732
91.0,4202.265055081535,2463.587437684112,528.3924855184356,523.7070545672601,0.4388394920745283,-0.2900599565060715,0.3683563510964227
91.2,4198.235172181236,2462.007669032001,528.3497752474301,522.2633028733109,-0.33201279531816164,-0.4513325351332319,0.7538156988136874
91.4,4196.103022318103,2462.168292166758,528.9887731544019,523.5102869877666,0.0890772565324499,0.26765419284443537,1.0127968538780774
91.6,4198.626798632422,2462.963285233897,528.2811789604795,523.202887279464,-0.4650060014124476,0.051102524259081905,0.23174325187431932
91.8,4199.175206649303,2463.336274281417,529.4332164484865,523.9009090203762,-0.3301153586142261,0.388976270402858,0.33885870664735657
92.0,4203.06560339624,2464.1364842465478,529.4051942975009,523.1481175666588,0.04538104035605394,-0.6442936428201612,-0.19355297578549352
92.2,4196.7122374845385,2468.623802249005,530.018529080676,522.6001565927143,-0.2718347068478835,-0.6378417235192251,-0.07040110994693381
92.4,4195.006758490015,2468.3522004881647,529.988922722641,523.0599489109279,-0.07968288911454752,0.3671723842655463,0.06884223250735991
92.6,4204.859896662347,2469.322270754294,530.2955154774013,522.9203456898915,0.8112598315455083,-0.24835720836507547,-0.8208335189693259
92.8,4211.275437093612,2469.5326304769023,529.9834083100245,523.9035229477379,0.3873011000949939,-0.2757098192571911,-0.2834249904249296
93.0,4214.766860760187,2474.839210933589,530.134181161563,523.7412729830983,-0.7619734094269843,0.14885858869062563,-0.11863848684815069
93.2,4222.08784849588,2477.30864468678,530.872496254305,523.4279329855386,0.6346588772125217,-0.7021579690810738,-0.1037506707378668
93.4,4223.803154072639,2478.6898322265843,530.358947788191,522.8327474697223,0.40259645303957214,-0.5034579433060279,0.25870835830219446
93.6,4227.087726970959,2481.610967319212,529.922264894606,522.4513154915288,-0.1876745993212332,-0.2523129961982725,-0.023462687625554392
93.8,4226.469100820168,2483.1188570379513,530.5720264220353,523.6571253131419,-0.6076341862438119,0.031262413500273326,0.21131169516510023
94.0,4220.228052659683,2481.997491514585,530.2842300990303,523.0805352775377,0.6894725624204029,0.30110230162570495,0.8195026203276267
94.2,4221.146484384838,2482.500973500967,529.554561965324,524.0352583675284,-0.0609242973215315,-0.11674446054597311,0.3295712155509085
94.4,4224.735092757219,2483.3958242218187,528.5185798283695,522.6849644577726,-0.16235482381166202,0.10616467776083323,-0.06479647926997692
94.6,4226.045074849353,2483.243454439002,530.7340361684771,522.1480546236953,0.1843909204131951,-0.5491925863121058,-0.8167577773339595
94.8,4227.833799380754,2477.241482727819,529.3244343618147,521.9365068337897,-0.4726248529381976,1.142501309182466,-0.055547411387245484
95.0,4242.119246283003,2475.8763440649363,529.4964583003649,522.8562037608737,-0.23015459248773856,0.22222517551993098,0.6780578633144635
95.2,4228.306258762066,2469.6437494371166,529.8270025318596,523.741044124366,-0.2879452189758161,0.6425814269324276,0.9354322847410038
95.4,4218.411591065278,2467.3519234880346,528.5560291353526,523.2848520532937,-0.8215177271103028,-0.24364750683733005,-0.41319640908606503
95.6,4209.646320485224,2461.5256590045524,529.8510266420857,523.8844325196584,0.49955380115061676,0.3056687616282408,-0.22531571479457138
95.8,4206.793421323746,2459.775087215187,529.2924350486873,523.9908591090194,0.14684375761558993,-0.5670534475187284,0.13334875930740342
96.0,4205.317530349179,2456.762776794304,530.0582602664526,524.4918153557929,-0.5722084945395977,0.6851289467235288,0.2989225202581971
96.2,4201.491320555606,2453.108067159796,530.4937458435821,525.6169983820332,-0.06687852077116153,-0.27388490851276875,-1.1162446565831716
96.4,4199.98462791619,2455.7377191766777,529.4512265712812,525.7008598204852,-0.36107234555881573,-0.2903110084647566,0.8944746235869514
96.6,4200.04625718759,2456.8399057992538,529.4130834090276,526.5782246645165,0.4656042550345988,0.28530853149162605,-0.2657962753097696
96.8,4182.5816062760305,2459.9437433831217,529.8304766625853,525.5105360215199,0.1588702677427669,0.7208906052686713,1.058231725705586
97.0,4191.745668155175,2464.3724477198402,529.9328135424099,525.0665802242669,-0.17215566126083173,-0.1943585130014317,-0.8005088558674024
97.2,4197.7281367738515,2468.0940008160724,528.9425725267766,525.7426679031012,0.035487030566049876,0.4174924739701952,-1.2347478453240746
97.4,4198.395088906266,2474.3350301986916,529.5107879798118,525.725567196113,-0.2035545926133119,0.8719916923948365,1.11853530249319
97.6,4202.598062676074,2477.3923466839565,528.8435326192847,525.0350303377063,-0.5621619840539015,0.6608946485147803,-0.3167251327583102
97.8,4206.307074300841,2482.6655515292996,527.607569238555,524.9655006847796,0.09674417900651454,-0.36316128538718695,-0.09503380633826344
98.0,4210.331142014396,2487.9931527089266,528.2140540072685,524.6547243685344,-0.2593742584015616,0.3346808402565046,-1.089900777282902
98.2,4212.980622385828,2489.029795475838,528.3129843192717,523.3752233292957,-0.3159389046026943,-0.14797390750391604,0.46006921250891936
98.4,4211.451112920197,2491.059168291013,529.3500377761009,524.0445037216563,-0.10599588888804833,0.04824414484097566,0.3304988884967582
98.6,4208.620039208689,2490.9634826186802,528.3789748495132,525.3245043891494,0.15797170803626134,0.290711153719398,-0.7241049419726902
98.8,4205.706845109046,2490.1593161437213,528.9041726816017,523.8293637374129,-0.21548485104745316,0.07264537608336966,-0.7017286462621728
99.0,4203.11458400987,2487.9396348916907,527.9600988025095,523.4258783216368,0.1726503685721336,-0.10235771003131632,-1.3089375465359125
99.2,4205.551933465739,2486.4000256269087,529.2479928075064,522.6197076395638,-0.053358759796201256,-0.4825675652376688,0.40278903370967084
99.4,4219.655896717454,2480.957917970825,527.6064548807817,522.3707353035702,-0.025935706551552345,0.8841865097940699,-0.1595998616303053
99.6,4212.732190242228,2478.6551813560377,528.8964880531173,524.0722269949363,0.21022248603206045,0.2441175477740965,-0.20356232859650933
99.8,4201.670739730377,2473.9419128710383,528.3251845287834,523.7988159552846,-0.20106751081935292,-0.28391915043634586,-0.3853605345413361
100.0,4186.1514871854115,2470.890550434895,529.0971511538816,523.0066608741622,0.015355020215435895,-0.004539597562686962,1.0175865304894052
100.2,4178.610729330908,2467.123875499053,529.1178407837034,522.2481342937308,-0.1136983155656019,0.18938296585027828,-0.6681142088220807
100.4,4171.100858915776,2466.9353873190826,529.2034817691183,521.4203687427575,-0.6222455137333177,0.24761068294202077,-0.43549107693402933
100.6,4167.495158563335,2465.558210071523,528.3156599799356,523.0802351247581,-0.3470744831307275,0.3700039261946279,-0.31819179931630587
100.8,4160.592319343238,2462.8380628639843,529.1220765554023,523.8512834532253,0.27417674406271975,0.008002947853489971,0.2586081505102308
101.0,4158.1654912983895,2460.6547109518,529.195587184978,523.6236306222338,0.3217292673173673,0.1633446079892921,0.5750075282757412
101.2,4138.791809943328,2465.6147008247403,527.9333869649569,522.1356254295321,-0.24328852885992597,0.16103472274829572,-0.11469921056648535
101.4,4135.664206330201,2463.1202275005344,529.3129689401109,522.5475635296369,-0.6666139994548527,-0.29935035402962834,0.06994747863022298
101.6,4137.906763231781,2462.9536356953877,528.4809284466093,523.8340612457775,0.3108191116568927,-0.44214211068265163,0.47329715265573086
101.8,4142.307297087363,2464.11693933887,527.9293406075296,523.0288338542613,-0.8698774365610873,0.13332291414753167,-0.18950555810981135
102.0,4147.35584104624,2466.7361952599367,529.6237219772141,523.5598850181714,0.5610257268357076,-0.34659558283267533,0.39291771118998453
102.2,4153.74033940698,2467.3041789248023,528.7717528461981,523.8770609455609,0.0636383810484521,-0.9386786524122894,0.4545141273664735
102.4,4157.1736221003175,2469.852117803283,528.769328153556,523.5503031539189,-0.08624338468860535,-0.12446526958453383,-1.0835570331858275
102.6,4159.834215122137,2472.7773793966844,528.3309926501221,523.6718717486676,-0.2928626527073206,0.49831091049006504,0.0728184961455817
102.8,4162.298609780041,2475.0989689197504,529.1765579100766,522.483403122825,-0.3604796636987786,-0.30549609200050626,0.49631054397610114
103.0,4165.10072328329,2476.5134428745473,529.5877326156212,524.1439025405409,0.4738454434184269,0.3717631574354706,0.14568853411434524
103.2,4168.679669531158,2481.3523655517342,529.5079880072384,523.6805702764302,0.17602876968820913,0.6335458020595203,0.25906301062019504
103.4,4170.483317867477,2482.405644688223,528.6527427779719,524.2202000823529,0.43413739471256274,-0.4653614760139554,-0.6621545041950124
103.6,4172.40777646692,2483.155535784158,530.3315608753784,523.3741353906822,-0.05671594943111923,-0.17951767566448143,0.3451568723766376
103.8,4172.207647570553,2484.8469706132473,529.2291107792389,524.3810324050212,-0.17100427441669558,-0.3739051947076055,0.4469136687047305
104.0,4175.05414595437,2487.856327059625,530.1622125095212,522.862476250838,-0.2685324995886245,-0.36035589192488704,-0.9755443275039409
104.2,4176.814650427287,2486.57850845406,529.8643080003343,524.2129020250129,0.1270531884395282,-0.31244143805921115,0.15450632337869113
104.4,4176.76050167986,2484.52306163215,529.9602359152578,524.2615434061171,0.13327628436254238,-0.14461937235424832,0.19000199300003678
104.6,4178.282681215944,2482.2884790902954,529.0390981623804,524.13244845468,-0.4562736473179379,-0.0486232467956382,0.5312674657969366
104.8,4174.448018269683,2480.988594055251,528.3713624357121,523.4847735151125,0.4333929442212562,0.3391109292201012,-0.004376701003736961
105.0,4171.3247099277005,2474.6950331383414,529.0487163516173,524.021513370901,0.165921057007916,0.4855526099952832,-0.5011589013377773
105.2,4170.690997372705,2471.8232581219286,530.3853732498961,524.4990683665658,-0.7430951199745751,-0.35760929443956846,0.9020218868057536
105.4,4166.358543258681,2468.886663426104,528.8984633244369,526.1278556060249,-0.6000516992979442,0.8270896751033037,-0.301710967659353
105.6,4164.780238395313,2460.6563544900987,530.3101971766583,526.4507974024133,-0.24381883300578322,0.2715798567360404,-1.3459552996066013
105.8,4157.779880012675,2455.968398385989,529.4635116143257,526.9523276988447,0.3989819651799496,0.18092257211145743,-0.17575307588787006
106.0,4154.42684836997,2453.4756289511547,529.9530877820698,525.2974539656242,0.19828370974674342,0.05233143898291333,-0.027944054277875288
106.2,4157.2123111345945,2453.415038000653,530.4244304811784,525.254732668214,-0.4972612299777878,-0.4696237222095143,0.041577065047620265
106.4,4164.308617435442,2451.8972238806596,530.1686075342205,526.3876813202291,0.34428694828366346,0.14540514166263901,-0.5396424972800485
106.6,4158.854373479776,2454.4480338818576,530.1813053668559,525.7128106106788,-0.3063038393456443,-0.18045237167734896,0.5317147913547354
106.8,4157.657503373467,2456.373780173551,529.0604815881846,524.5812881713556,0.33299068277209354,-0.8267075658693985,-0.5407988699808819
107.0,4152.226925789708,2459.2360377337836,529.2556196348306,525.2677302200226,-0.6157743289757559,-0.5540959015270499,-0.38982067016398864
107.2,4153.425665721692,2463.657704517125,530.2188080985857,523.9455453463315,0.7283991842228427,-0.013182278629968675,0.6510411016504171
107.4,4150.7060267409615,2470.871024027623,530.9733448672785,524.0821205491811,-0.37491325353553945,0.13383988299531507,-0.7581041786042106
107.6,4150.389187693219,2473.2783530422575,529.5393108285568,523.4683920869846,-0.638396739345866,0.17850084853455248,-0.3293570929075919
107.8,4154.423349761004,2478.4378764195194,531.0802758211406,524.604788423471,0.46706013022221576,-0.06865164786120427,0.265333496362791
108.0,4153.532185972441,2481.0091243284323,530.9585534495561,523.7991022991682,-0.4631044552438318,0.4087010018666309,-0.2585891756524793
108.2,4147.798396512213,2482.3806284219486,530.9254916834625,524.7132170739716,-0.09288607081258479,-0.11122319252353337,-0.7728207211794411
108.4,4155.964723787732,2484.5734642247016,529.0357077170576,524.0894443827285,-0.6791108725191635,-0.11233908074905202,-0.06727281888518499
108.6,4162.118546399609,2485.8591260633993,531.1905776040252,522.7625339547918,0.4889630981611714,-0.5342285131495804,0.4210749352774893
108.8,4167.817486579637,2484.819403457318,529.8796599096836,524.3625660253703,-0.3210625363340402,-0.09297382633797593,0.7905347409731217
109.0,4171.758594589195,2481.9470371305106,531.552150332239,524.7001834586915,1.2163172606578718,-0.7346795815163547,0.7133508087544211
109.2,4177.540596456879,2478.7095455867006,530.4833410057014,523.997630423322,0.24813070546926677,-0.520786345488771,0.7629978178595974
109.4,4179.034332035328,2478.7913434177162,529.9230261399088,522.3032634482631,0.15007468261736007,0.3192196727885337,0.1939477105981746
109.6,4179.005588542874,2475.8481633926717,528.758465661881,523.7049726561339,-0.23989800189114266,-0.29016066111004496,0.6273408642202651
109.8,4177.078717563714,2471.211045286564,530.4522116249268,523.6655751970166,-0.41618760976532276,1.3459323832500611,0.39241108407498626
110.0,4175.0379692908755,2470.2600585348764,530.7082142400022,522.849767053094,0.13608000467191536,-1.1439304956398912,-0.13019749986438542
110.2,4173.264175984806,2468.2109040087685,528.4609019610884,522.0085515609269,0.3835869848489625,-0.008237205606609588,0.26106961956532343
110.4,4173.574848143686,2464.9894110532464,527.9785632733433,523.3451952863358,0.12510494899748276,-0.40887272394112145,0.4336702633649255
110.6,4172.312172938128,2465.5470252711098,530.3728043751172,524.0120700295372,0.2159973953244851,-0.30609821838813756,-0.6458387242726507
110.8,4171.864306368328,2465.8261465023556,528.3120071478077,522.9109559062101,0.5857543070755906,0.5901327322969596,-0.6136160874923633
111.0,4171.638354297832,2463.738540217442,528.0950051728425,524.8093960175256,-0.5099488572008966,-0.01969901988248218,0.3053405757703182
111.2,4172.62646329998,2463.6735806572315,529.2156728266019,523.308607327097,-0.295628758712375,0.10591084469179074,-0.2879214493773019
111.4,4174.6657267400515,2466.4554293289802,528.869668562682,524.2436443900166,0.5311696196493281,-1.0336199075219734,-0.40838494037689205
111.6,4177.563489372554,2465.9286458739984,527.4974288047034,525.3473097812632,-0.06394357050618425,0.6148602230317897,-0.5242743507660578
111.8,4175.96254032094,2466.3974355441715,528.0297165556412,524.598441309941,0.1831424936586157,0.110178277487563,0.2333624801797244
112.0,4177.30372098656,2467.5472784032627,528.2229929482207,525.9891037029599,-0.2633589723200304,0.5164503994939409,-0.7195958495405045
112.2,4176.3931725061975,2469.62795460936,528.382356698367,525.893198255551,0.10327549216150206,-0.293008342775614,-0.5375564109862428
112.4,4174.279700891596,2474.114540608326,527.289032142851,526.1582494204795,-0.7023998765897153,-0.21042849983013004,-0.43870742908301413
112.6,4175.261199222453,2474.0078405672784,527.03626010828,523.7842638100625,-0.45408199770906355,-0.025281266478180804,0.34831241624147263
112.8,4176.167383474109,2479.2425537886866,529.0085030791549,524.2411756011132,-0.3542063743619531,0.4368321691131967,0.27687977766128885
113.0,4174.113299348279,2478.511523939454,528.6495473681026,524.8090842985554,-0.178135826384638,0.12853517964587619,1.0007197270013248
113.2,4175.515436771593,2479.8605687253007,529.8788203397323,525.0585081134142,0.3137276625476653,0.21054624270449715,0.25150931663491083
113.4,4193.81529677794,2485.410010244308,529.0564159638157,524.6015870163166,-0.20544799545886222,-1.0013692216235122,-0.6807753124144054
113.6,4195.415415198228,2488.9923575889175,529.527221775177,523.9225950326576,0.6258919443841141,0.0030193141970914117,0.4252438195502103
113.8,4192.026659062814,2491.222287010465,529.1670276615195,524.9713150876757,0.1894413323179529,0.5646173872797687,-0.46917666479547776
114.0,4186.695752757386,2496.4311456356013,528.3630821783981,524.2767942934952,0.36194969536677724,0.27063549236399714,0.3541137765274126
114.2,4185.491294589026,2494.1086346448187,529.7930513268,523.8153865798378,-0.6687587087372924,0.05487814806280465,0.15330087878988266
114.4,4181.786818277454,2494.2058637362406,529.9134815285104,526.3984355452264,0.11440939212871487,0.8025410640498631,0.7826869366019653
114.6,4178.265610098009,2491.400732466806,529.3999036954002,524.8628890691999,0.05245349055210968,-0.8028078563810533,-0.6885938543227182
114.8,4176.8043500552,2488.528927139711,528.073132329968,524.4721025480941,0.4714357168278589,0.39232371703741487,-0.5461197102169296
115.0,4171.981959776723,2482.589496250444,528.346446716939,524.0347950137572,0.29532555082766926,0.02305355618738293,-0.421969549803167
115.2,4151.518106107155,2480.7045522220587,529.8774406819125,523.9962257218084,0.19283563684159846,-0.4487499835939531,0.16667968851059017
115.4,4147.254834361722,2476.1840716339593,529.3921762335473,524.3214171817851,-0.9375971900966668,0.427000466334444,0.16176256786107346
115.6,4149.431386832535,2470.2642061817633,528.8731584316231,524.9558441522727,0.2912113465691316,-0.17167174095421264,-0.6914298556082651
115.8,4150.500425417408,2462.4095001172464,529.8291390985278,524.7911615778465,0.5709103571104255,0.19601182056247396,0.02857328350613768
116.0,4153.2546156530425,2459.0665567942297,528.9036102889236,524.5542856925028,0.3874334791207286,0.08108076837389194,0.08389122636885275
116.2,4153.5060156459485,2457.2481300297586,528.0029027100283,524.9224193738993,0.008909871459176327,-0.4538717959800944,0.06472042679655002
116.4,4153.422041968221,2457.1095189303296,529.0779010781542,524.8442897804382,-0.32945363020758434,-0.7089115035586032,0.03377648203465564
116.6,4151.5281997929305,2458.0013134048145,527.9398601308675,526.6232429648308,0.059539190740143286,-0.20399704547779016,-0.14694488482389928
116.8,4154.055576299686,2459.3476197398227,530.6703586486877,526.2680965400738,-0.2495096538505712,0.16670013963692742,-0.68064661076405
117.0,4154.901829698297,2460.113099926733,528.7777971870449,526.3451632697622,0.609383384657325,0.28257318119624886,-0.03234674811588512
117.2,4154.747751833237,2463.951419272921,528.9745977226111,527.0132373125974,0.23506921993576704,0.11946221512376304,0.02643746707785708
117.4,4156.022042079538,2469.8037252919567,529.2297331124033,526.8668032442939,0.31751976595146625,-0.43510822466312327,0.30162706748864404
117.6,4156.5778950727135,2474.1763457359866,528.3007961070142,525.2929495481221,0.14735564955026226,-0.22645569707176844,0.3500244005943381
117.8,4156.904157632512,2479.9732181292075,529.3514303811429,525.4359526475113,-0.28219217174366307,-0.008082845055934427,-0.6456788175661119
118.0,4158.952358845644,2482.0087051819137,529.0844040781752,526.1963561552703,-0.9848001836267581,-0.3219607751669139,-0.26628849152178563
118.2,4159.903717937928,2485.1582364656324,529.3663583407201,525.6797291366233,0.11454833584957527,0.262872099600988,-0.1059246892728381
118.4,4164.725569484859,2486.9315314914347,528.4968625746028,524.1825872194581,0.31388101585267286,-0.336065449576431,0.0893098052250494
118.6,4164.096680920638,2487.400037163496,529.7640395416724,524.6954445424083,0.05509588605155318,-0.7506242419071834,-0.2828544533413046
118.8,4164.201530102717,2485.9567439941547,529.797019943157,524.895297174377,0.5489430630951555,0.7232528127363154,0.4652089386482755
119.0,4163.248328826613,2484.558588340282,529.1896212269016,523.7735836712437,0.575593114425229,0.12279365624083328,-0.018589620920623866
119.2,4161.589702012998,2482.415509589145,530.7359391353311,524.250995509636,-0.10898653325509798,-0.7106019797225532,0.5538815016125223
119.4,4160.7293298355,2479.918754746654,530.030126674676,525.0238920307356,0.04369644900783429,0.08358678514760377,0.5424773535301083
119.6,4159.982214535259,2479.090691422431,530.3699536543191,524.0260159072907,-0.8134153180527216,0.3530425657589152,-0.37406926518296935
119.8,4157.479387122863,2478.659161263028,529.1175699744664,523.0383140070742,0.2857214760211675,0.5727652387000847,1.3735725194822652
120.0,4155.260208232847,2471.4571477764584,530.8148713174724,524.5334748176211,-0.37966161596847886,0.8697089863038495,-1.0031220491242836
120.2,4159.982848099812,2470.52470390103,530.4036034247463,524.2929826606954,-0.6620083073943861,1.108274233196048,0.11257717518741543
120.4,4167.82153727771,2467.34627012518,530.8826316199579,524.6341242073931,-0.29877040291979007,0.02462850439522869,0.3188636936553963
120.6,4162.822586923388,2466.5362066932125,530.78780870867,524.6404023294941,-0.17968841317739498,0.7316024285479958,0.6430245967017122
120.8,4159.549199369081,2464.7089376426143,529.9416787553871,525.9422380552618,0.8255292791549872,-0.40349593245576765,0.5615786384931548
121.0,4159.223899803008,2463.9682208010718,531.3078527016971,526.5799083751286,-0.1308622604859264,-0.39965207926308216,0.47716021708540407
121.2,4152.55527629545,2461.8213352488096,530.0645822268846,525.3295966970365,-0.1746389497020672,0.2312885368938501,-1.177387987653327
121.4,4148.8713632807485,2462.635406911154,529.8771560231569,525.9856350774079,-0.30297057311498626,-0.2792543767403733,0.4883486803999582
121.6,4149.479496770022,2464.0871745854506,531.4074110112925,525.5416696880702,1.0118709840973896,0.10198496353588528,0.11067925130658192
121.8,4150.557899402099,2463.856798612793,530.4728816549353,525.7839553987634,0.907238825896181,-0.34582259256625153,-0.04146137933836461
122.0,4144.35512795982,2465.9464205690338,530.064122079847,525.2847188906036,1.0441677362265194,-0.796863647070945,0.8953626940931612
122.2,4135.634217346753,2468.1603247930293,529.0501615702334,524.3938087527486,-0.5556711221598404,0.07238717255282748,-0.3820824056177322
122.4,4142.256336109961,2472.118439200695,530.6752995164429,524.5506840775049,0.29714425741942924,-0.019291654674340904,1.2981591526047376
122.6,4146.479308043444,2473.212876702329,530.8098114533983,524.3561178959379,0.7891111834338281,0.39804172864398696,-0.46260204871844485
122.8,4153.9084355859,2476.473856211613,528.9380047207329,525.0696899983127,-0.6297759346871953,0.14414024296111314,0.9988521873401702
123.0,4157.098714974151,2479.7263233879253,531.1499117199801,524.3448407319054,0.8232816096430832,-0.10272406382631938,0.01591473920224416
123.2,4164.254144022381,2481.56459279454,529.8663244301398,524.853836173918,-0.26128584347502976,0.258566236175161,0.08938994706186892
123.4,4164.384472217978,2483.6319168262985,528.9365798999459,524.8362497171331,0.3606302700861045,-0.37729929339576446,0.7647573210180592
123.6,4165.910761892015,2487.4005452267975,530.2009614619515,523.6612638830808,0.13505045480239483,-0.2361057900034668,-0.8863308872304753
123.8,4166.587802175025,2488.842970641997,529.409395876648,523.9789601176798,-0.40188392869246325,-0.06162777998933074,0.2457165640164708
124.0,4164.047189823422,2488.806307029156,529.4180210517762,524.6374290408556,0.013427727766982991,-0.01654104212318322,0.13932074389808893
124.2,4166.877014064288,2489.132394422454,530.379232572904,524.1256659627574,-0.3278821416470579,-0.149637567445112,0.16153334842043457
124.4,4166.450266119025,2486.1100246692154,529.4883361819726,523.3599585238749,-0.39754664303835574,-0.930908730969159,0.9344082526632844
124.6,4164.898030298223,2484.7005739818223,529.5895739906293,525.1695707833136,0.6197582673330038,-0.5942331211468901,0.14166058997927822
124.8,4163.828497494432,2482.595477718259,527.9802099652748,525.1165436856003,0.6656643215707517,0.6550207666423008,-0.4307726914074054
125.0,4161.588595768987,2477.5615539014634,528.8200941915309,524.5770053761063,0.13051634375152907,0.5386588383978853,0.42874006542419785
125.2,4162.5549006958045,2478.184825859275,528.6984389997144,525.4201037537056,0.20871155947200493,-0.39395262671149467,-0.44994018216206966
125.4,4160.828634011848,2468.805953484758,528.9982095493419,525.5961668176066,0.11965867888285948,0.5182219197002849,0.3318746464568233
125.6,4163.30588464481,2464.2920458791846,528.3845783772649,525.9467869340465,-0.7320364217725157,-0.5015655057111755,0.46090174389042143
125.8,4163.177593299006,2459.466244955646,529.779405792515,525.8192284845231,0.800819506367152,0.3837077493940083,0.284646259429633
126.0,4163.145938955132,2454.247200651394,528.3622227779366,527.1437252901586,-0.23486539989099348,0.4617220166817617,-0.22093670462548354
126.2,4158.679775982912,2453.3881787317755,529.924655648132,524.9523010875992,0.9872913707983003,-0.010640865172821184,-0.44620088488436527
126.4,4155.841261030166,2454.8134470543946,529.5868962108983,525.237981982907,-0.42840132146058046,-0.4226343075346124,-0.11191388228004429
126.6,4155.9523586086825,2453.214408827812,528.8429603785825,524.9415868708334,0.23663011539379059,0.14705474222865633,0.6775514625765229
126.8,4156.696175193933,2455.24524683508,529.5190410037451,525.2876456443387,-0.7978948667470281,0.30017468593044827,-0.007743214000988515
127.0,4154.1298472118115,2454.785331065542,529.440622257265,524.8931928343679,-0.5781352275257984,1.0906424306109048,0.044291595997974526
127.2,4160.094902094791,2461.2628432998918,530.4794767367089,524.366061773026,0.46624568301830466,-0.4164133271584803,0.28906648077604036
127.4,4179.991109993118,2465.7011848864086,529.7547113352108,526.1191452205742,-0.26320694740335,-0.2721617098285926,0.03175441512324721
127.6,4168.553486475723,2471.6261233293735,528.1433073027025,526.2053792998361,0.40367333078006595,0.3532858210432753,-0.2674318970595873
